{"Questions1000": 0.8068783068777777, "WikiData": 0.8396825396866672, "Commonsense2": 0.8968253968296297, "MathematicalProblems": 0.9375000000125001, "Sciq": 0.8571428571421053, "AnthropicAwarenessAI": NaN, "AnthropicAwarenessArchitecture": NaN, "AnthropicAwarenessNNArchitecture": NaN, "TatoebaEngToFre": 0.6964285714375001, "TatoebaFreToEng": 0.7142857142785715}