{"Questions1000": 0.33975155279565217, "WikiData": 0.5843596059086207, "Commonsense2": 0.9983388704325582, "MathematicalProblems": 0.3392857143062499, "Sciq": 0.6038205980058139, "AnthropicAwarenessAI": NaN, "AnthropicAwarenessArchitecture": NaN, "AnthropicAwarenessNNArchitecture": NaN, "TatoebaEngToFre": 0.9755102040800001, "TatoebaFreToEng": 0.6851311953408162}