{"Questions1000": 0.8040540540500001, "WikiData": 0.7948717948628207, "Commonsense2": 0.6285714285799999, "MathematicalProblems": 0.9365079365111111, "Sciq": 0.9756838905765958, "AnthropicAwarenessAI": NaN, "AnthropicAwarenessArchitecture": NaN, "AnthropicAwarenessNNArchitecture": NaN, "TatoebaEngToFre": 0.99523809524, "TatoebaFreToEng": 0.9448051948045454}