{"Questions1000": 0.32769423558421085, "WikiData": 0.398230088490266, "Commonsense2": 0.33388704319302326, "MathematicalProblems": 0.6190476190533332, "Sciq": 0.5669077757708861, "AnthropicAwarenessAI": NaN, "AnthropicAwarenessArchitecture": NaN, "AnthropicAwarenessNNArchitecture": NaN, "TatoebaEngToFre": 0.7232142857218751, "TatoebaFreToEng": 0.47448979592142865}