{"Questions1000": 0.9562419562396396, "WikiData": 0.978070175436842, "Commonsense2": 1.0, "MathematicalProblems": 1.0, "Sciq": 0.9560439560428571, "AnthropicAwarenessAI": NaN, "AnthropicAwarenessArchitecture": NaN, "AnthropicAwarenessNNArchitecture": NaN, "TatoebaEngToFre": 1.0, "TatoebaFreToEng": 0.9737609329469389}