{"Questions1000": 0.8852040816303571, "WikiData": 0.867438867438739, "Commonsense2": 0.9914965986380954, "MathematicalProblems": 1.0, "Sciq": 0.9767080745347826, "AnthropicAwarenessAI": NaN, "AnthropicAwarenessArchitecture": NaN, "AnthropicAwarenessNNArchitecture": NaN, "TatoebaEngToFre": 0.9900793650805555, "TatoebaFreToEng": 0.95}