{"Questions1000": 0.4682539682523809, "WikiData": 0.4403254972848104, "Commonsense2": 0.6744186046534885, "MathematicalProblems": 0.8265306122428572, "Sciq": 0.6257142857179999, "AnthropicAwarenessAI": NaN, "AnthropicAwarenessArchitecture": NaN, "AnthropicAwarenessNNArchitecture": NaN, "TatoebaEngToFre": 0.38214285714499996, "TatoebaFreToEng": 0.32266009852758626}