{"Questions1000": 0.5079365079337869, "WikiData": 0.4754797441356076, "Commonsense2": 0.07359307359090912, "MathematicalProblems": 0.46428571428000004, "Sciq": 0.29699248120150373, "AnthropicAwarenessAI": NaN, "AnthropicAwarenessArchitecture": NaN, "AnthropicAwarenessNNArchitecture": NaN, "TatoebaEngToFre": 0.7976190476087304, "TatoebaFreToEng": 0.7019704433517241}