{"Questions1000": 0.10646900269433972, "WikiData": 0.07522123893362835, "Commonsense2": 0.25415282393488375, "MathematicalProblems": 0.57653061225, "Sciq": 0.3086080586089741, "AnthropicAwarenessAI": NaN, "AnthropicAwarenessArchitecture": NaN, "AnthropicAwarenessNNArchitecture": NaN, "TatoebaEngToFre": 0.20779220780606056, "TatoebaFreToEng": 0.07308970099069767}