{"Questions1000": 0.366883116868182, "WikiData": 0.3850931676797104, "Commonsense2": 0.15277777777222223, "MathematicalProblems": 0.4025974025909091, "Sciq": 0.3624999999999999, "AnthropicAwarenessAI": NaN, "AnthropicAwarenessArchitecture": NaN, "AnthropicAwarenessNNArchitecture": NaN, "TatoebaEngToFre": 0.38571428570500005, "TatoebaFreToEng": 0.4310344827655172}