{"Questions1000": 0.6929824561421053, "WikiData": 0.7802197802068377, "Commonsense2": 0.9458525345645165, "MathematicalProblems": 0.4340659340692309, "Sciq": 0.7476808905246758, "AnthropicAwarenessAI": NaN, "AnthropicAwarenessArchitecture": NaN, "AnthropicAwarenessNNArchitecture": NaN, "TatoebaEngToFre": 0.7705627705454547, "TatoebaFreToEng": 0.72857142856}