{"Questions1000": 0.8890306122383932, "WikiData": 0.9781209781207206, "Commonsense2": 0.9975369458137932, "MathematicalProblems": 1.0, "Sciq": 0.9020408163285715, "AnthropicAwarenessAI": NaN, "AnthropicAwarenessArchitecture": NaN, "AnthropicAwarenessNNArchitecture": NaN, "TatoebaEngToFre": 1.0, "TatoebaFreToEng": 0.8996598639380955}