{"Questions1000": 0.9743589743589743, "WikiData": 0.9495798319327731, "Commonsense2": 0.6615384615384615, "MathematicalProblems": 0.9375, "Sciq": 0.8315789473684211, "AnthropicAwarenessAI": NaN, "AnthropicAwarenessArchitecture": NaN, "AnthropicAwarenessNNArchitecture": NaN, "TatoebaEngToFre": 0.8421052631578947, "TatoebaFreToEng": 0.84}