{"Questions1000": 0.9829059829059829, "WikiData": 0.9747899159663865, "Commonsense2": 0.6615384615384615, "MathematicalProblems": 1.0, "Sciq": 0.9052631578947369, "AnthropicAwarenessAI": NaN, "AnthropicAwarenessArchitecture": NaN, "AnthropicAwarenessNNArchitecture": NaN, "TatoebaEngToFre": 0.9210526315789473, "TatoebaFreToEng": 0.98}