{"Questions1000": 0.9428571428571428, "WikiData": 1.0, "Commonsense2": 0.8571428571428571, "MathematicalProblems": 0.9166666666666666, "Sciq": 0.7407407407407407, "AnthropicAwarenessAI": NaN, "AnthropicAwarenessArchitecture": NaN, "AnthropicAwarenessNNArchitecture": NaN, "TatoebaEngToFre": 0.8333333333333334, "TatoebaFreToEng": 1.0}