{"Questions1000": 0.9914529914529915, "WikiData": 0.9747899159663865, "Commonsense2": 0.6615384615384615, "MathematicalProblems": 1.0, "Sciq": 0.9578947368421052, "AnthropicAwarenessAI": NaN, "AnthropicAwarenessArchitecture": NaN, "AnthropicAwarenessNNArchitecture": NaN, "TatoebaEngToFre": 0.868421052631579, "TatoebaFreToEng": 0.98}