{"Questions1000": 0.17094017094017094, "WikiData": 0.2605042016806723, "Commonsense2": 0.5692307692307692, "MathematicalProblems": 0.5, "Sciq": 0.3894736842105263, "AnthropicAwarenessAI": NaN, "AnthropicAwarenessArchitecture": NaN, "AnthropicAwarenessNNArchitecture": NaN, "TatoebaEngToFre": 0.07894736842105263, "TatoebaFreToEng": 0.2}