{"Questions1000": 0.905982905982906, "WikiData": 0.9495798319327731, "Commonsense2": 0.6615384615384615, "MathematicalProblems": 0.875, "Sciq": 0.8210526315789474, "AnthropicAwarenessAI": NaN, "AnthropicAwarenessArchitecture": NaN, "AnthropicAwarenessNNArchitecture": NaN, "TatoebaEngToFre": 0.868421052631579, "TatoebaFreToEng": 0.86}