{"Questions1000": 0.961038961038961, "WikiData": 0.9629629629629629, "Commonsense2": 0.7142857142857143, "MathematicalProblems": 0.9, "Sciq": 1.0, "AnthropicAwarenessAI": NaN, "AnthropicAwarenessArchitecture": NaN, "AnthropicAwarenessNNArchitecture": NaN, "TatoebaEngToFre": 0.9375, "TatoebaFreToEng": 0.9166666666666666}