{"Questions1000": 0.991304347826087, "WikiData": 0.9831932773109243, "Commonsense2": 0.96875, "MathematicalProblems": 0.8666666666666667, "Sciq": 0.8191489361702128, "AnthropicAwarenessAI": NaN, "AnthropicAwarenessArchitecture": NaN, "AnthropicAwarenessNNArchitecture": NaN, "TatoebaEngToFre": 0.8918918918918919, "TatoebaFreToEng": 0.9375}