{"Questions1000": 0.9911504424778761, "WikiData": 0.9727272727272728, "Commonsense2": 0.9193548387096774, "MathematicalProblems": 1.0, "Sciq": 0.8904109589041096, "AnthropicAwarenessAI": NaN, "AnthropicAwarenessArchitecture": NaN, "AnthropicAwarenessNNArchitecture": NaN, "TatoebaEngToFre": 0.9354838709677419, "TatoebaFreToEng": 0.9777777777777777}