{"Questions1000": 0.23076923076923078, "WikiData": 0.37815126050420167, "Commonsense2": 0.4153846153846154, "MathematicalProblems": 0.5, "Sciq": 0.4, "AnthropicAwarenessAI": NaN, "AnthropicAwarenessArchitecture": NaN, "AnthropicAwarenessNNArchitecture": NaN, "TatoebaEngToFre": 0.21052631578947367, "TatoebaFreToEng": 0.28}