{"Questions1000": 0.9428571428571428, "WikiData": 0.9710144927536232, "Commonsense2": 0.8333333333333334, "MathematicalProblems": 0.9166666666666666, "Sciq": 0.7222222222222222, "AnthropicAwarenessAI": NaN, "AnthropicAwarenessArchitecture": NaN, "AnthropicAwarenessNNArchitecture": NaN, "TatoebaEngToFre": 0.875, "TatoebaFreToEng": 1.0}