{"Questions1000": 0.47863247863247865, "WikiData": 0.7058823529411765, "Commonsense2": 0.676923076923077, "MathematicalProblems": 0.625, "Sciq": 0.5157894736842106, "AnthropicAwarenessAI": NaN, "AnthropicAwarenessArchitecture": NaN, "AnthropicAwarenessNNArchitecture": NaN, "TatoebaEngToFre": 0.5526315789473685, "TatoebaFreToEng": 0.48}