{"Questions1000": 0.9401709401709402, "WikiData": 0.9495798319327731, "Commonsense2": 0.676923076923077, "MathematicalProblems": 1.0, "Sciq": 0.9894736842105263, "AnthropicAwarenessAI": NaN, "AnthropicAwarenessArchitecture": NaN, "AnthropicAwarenessNNArchitecture": NaN, "TatoebaEngToFre": 1.0, "TatoebaFreToEng": 1.0}