{"Questions1000": 0.881578947368421, "WikiData": 0.9024390243902439, "Commonsense2": 0.3684210526315789, "MathematicalProblems": 0.9090909090909091, "Sciq": 0.9565217391304348, "AnthropicAwarenessAI": NaN, "AnthropicAwarenessArchitecture": NaN, "AnthropicAwarenessNNArchitecture": NaN, "TatoebaEngToFre": 1.0, "TatoebaFreToEng": 0.9615384615384616}