{"Questions1000": 0.9122807017543859, "WikiData": 0.9702127659574468, "Commonsense2": 0.9745762711864406, "MathematicalProblems": 0.8260869565217391, "Sciq": 0.7602339181286549, "AnthropicAwarenessAI": NaN, "AnthropicAwarenessArchitecture": NaN, "AnthropicAwarenessNNArchitecture": NaN, "TatoebaEngToFre": 0.898876404494382, "TatoebaFreToEng": 0.9672131147540983}