{"Questions1000": 0.9911504424778761, "WikiData": 0.9823008849557522, "Commonsense2": 0.9206349206349206, "MathematicalProblems": 1.0, "Sciq": 0.9333333333333333, "AnthropicAwarenessAI": NaN, "AnthropicAwarenessArchitecture": NaN, "AnthropicAwarenessNNArchitecture": NaN, "TatoebaEngToFre": 0.9428571428571428, "TatoebaFreToEng": 0.9545454545454546}