{"Questions1000": 0.5384615384615384, "WikiData": 0.6638655462184874, "Commonsense2": 0.6615384615384615, "MathematicalProblems": 0.4375, "Sciq": 0.5263157894736842, "AnthropicAwarenessAI": NaN, "AnthropicAwarenessArchitecture": NaN, "AnthropicAwarenessNNArchitecture": NaN, "TatoebaEngToFre": 0.5263157894736842, "TatoebaFreToEng": 0.58}