{"Questions1000": 0.8632478632478633, "WikiData": 0.9495798319327731, "Commonsense2": 0.6461538461538462, "MathematicalProblems": 0.625, "Sciq": 0.8526315789473684, "AnthropicAwarenessAI": NaN, "AnthropicAwarenessArchitecture": NaN, "AnthropicAwarenessNNArchitecture": NaN, "TatoebaEngToFre": 0.7894736842105263, "TatoebaFreToEng": 0.82}