{"Questions1000": 0.9572649572649573, "WikiData": 0.9327731092436975, "Commonsense2": 0.6461538461538462, "MathematicalProblems": 1.0, "Sciq": 0.968421052631579, "AnthropicAwarenessAI": NaN, "AnthropicAwarenessArchitecture": NaN, "AnthropicAwarenessNNArchitecture": NaN, "TatoebaEngToFre": 0.9473684210526315, "TatoebaFreToEng": 1.0}