{"Questions1000": 1.0, "WikiData": 0.9830508474576272, "Commonsense2": 1.0, "MathematicalProblems": 0.9285714285714286, "Sciq": 0.8620689655172413, "AnthropicAwarenessAI": NaN, "AnthropicAwarenessArchitecture": NaN, "AnthropicAwarenessNNArchitecture": NaN, "TatoebaEngToFre": 0.972972972972973, "TatoebaFreToEng": 0.8958333333333334}