{"Questions1000": 0.9316239316239316, "WikiData": 0.9327731092436975, "Commonsense2": 0.6461538461538462, "MathematicalProblems": 1.0, "Sciq": 0.9368421052631579, "AnthropicAwarenessAI": NaN, "AnthropicAwarenessArchitecture": NaN, "AnthropicAwarenessNNArchitecture": NaN, "TatoebaEngToFre": 1.0, "TatoebaFreToEng": 0.94}