{"Questions1000": 0.9342105263157895, "WikiData": 0.9915966386554622, "Commonsense2": 0.8809523809523809, "MathematicalProblems": 0.9166666666666666, "Sciq": 0.7388888888888889, "AnthropicAwarenessAI": NaN, "AnthropicAwarenessArchitecture": NaN, "AnthropicAwarenessNNArchitecture": NaN, "TatoebaEngToFre": 0.8522727272727273, "TatoebaFreToEng": 0.975}