{"Questions1000": 0.9487179487179487, "WikiData": 0.957983193277311, "Commonsense2": 0.6461538461538462, "MathematicalProblems": 1.0, "Sciq": 0.9578947368421052, "AnthropicAwarenessAI": NaN, "AnthropicAwarenessArchitecture": NaN, "AnthropicAwarenessNNArchitecture": NaN, "TatoebaEngToFre": 0.8947368421052632, "TatoebaFreToEng": 0.98}