{"Questions1000": 0.9487179487179487, "WikiData": 0.9327731092436975, "Commonsense2": 0.6615384615384615, "MathematicalProblems": 0.9375, "Sciq": 0.8947368421052632, "AnthropicAwarenessAI": NaN, "AnthropicAwarenessArchitecture": NaN, "AnthropicAwarenessNNArchitecture": NaN, "TatoebaEngToFre": 0.8157894736842105, "TatoebaFreToEng": 0.86}